Workbook

Sheet Instructions
A1: Voice evaluation scorecard
A2: Use this blank workbook for blind listening. Keep completed copies and private mappings outside Git.
A4: Step | B4: Action | C4: Complete when | E4: No. | F4: Supported style
A5: 1 | B5: Prepare blind labels and the playback order outside this workbook. | C5: The private label map is stored separately. | E5: 1 | F5: narration_neutral
A6: 2 | B6: Enter one candidate per row on Ratings. | C6: Blind label, prompt context, style and candidate file are present. | E6: 2 | F6: warm_friendly
A7: 3 | B7: Rate all six measures from 1 to 5. | C7: Ratings complete shows Complete. | E7: 3 | F7: excited_energetic
A8: 4 | B8: Compare candidates by style on Decisions. | C8: The Status column shows the next action. | E8: 4 | F8: serious_authoritative
A9: 5 | B9: Record the selected blind label and a short decision note. | C9: One decision is recorded for each evaluated style. | E9: 5 | F9: curious_questioning
A10: 6 | B10: Unblind only after decisions are recorded. | C10: The private label map remains outside this workbook. | E10: 6 | F10: empathetic_calm
E11: 7 | F11: emphatic_punchy
E12: 8 | F12: awe_wonder
A13: Score | B13: Meaning | C13: Use this score when | E13: 9 | F13: sorrow_grief
A14: 1 | B14: Unusable | C14: The problem is clear enough to reject the candidate. | E14: 10 | F14: anger_fierce
A15: 2 | B15: Weak | C15: Several problems distract from the intended voice or delivery. | E15: 11 | F15: tender_intimate
A16: 3 | B16: Acceptable | C16: The candidate is usable with limitations that remain easy to hear. | E16: 12 | F16: suspense_hushed
A17: 4 | B17: Strong | C17: The candidate is convincing with only minor limitations. | E17: 13 | F17: playful_wry
A18: 5 | B18: Excellent | C18: No meaningful issue is apparent in this listening pass. | E18: 14 | F18: triumphant_declaratory
A21: Measure | B21: Listening question | C21: Direction | E21: Keep private | F21: Public workbook
A22: Identity | B22: Does the candidate resemble the intended speaker? | C22: Higher is closer. | E22: Reference and candidate audio | F22: No audio files
A23: Naturalness | B23: Does the delivery sound like ordinary human speech? | C23: Higher is more natural. | E23: Blind-label and speaker mappings | F23: Blank table structure
A24: Pacing | B24: Is the speed and pause pattern appropriate for the text? | C24: Higher is better paced. | E24: Completed ratings and decisions | F24: Formulas and instructions
A25: Pronunciation | B25: Are words and names spoken as intended? | C25: Higher is more accurate. | E25: Listener and speaker identities | F25: No identity fields
A26: Artifact-free | B26: Is the audio free of glitches, repetitions and cut words? | C26: Higher is cleaner.
A27: Emotion fit | B27: Does the delivery match the requested style? | C27: Higher is a better fit.

Sheet Ratings
A1: Blind label | B1: Prompt ID | C1: Prompt text | D1: Style | E1: Candidate file | F1: Identity | G1: Naturalness | H1: Pacing | I1: Pronunciation | J1: Artifact-free | K1: Emotion fit | L1: Ratings complete | M1: Mean score | N1: Notes
L2: =IF(COUNTA(A2:K2)=0,"",IF(AND(COUNTA(A2:E2)=5,COUNT(F2:K2)=6),"Complete","Incomplete")) | M2: =IF(L2="Complete",AVERAGE(F2:K2),"")
L3: =IF(COUNTA(A3:K3)=0,"",IF(AND(COUNTA(A3:E3)=5,COUNT(F3:K3)=6),"Complete","Incomplete")) | M3: =IF(L3="Complete",AVERAGE(F3:K3),"")
L4: =IF(COUNTA(A4:K4)=0,"",IF(AND(COUNTA(A4:E4)=5,COUNT(F4:K4)=6),"Complete","Incomplete")) | M4: =IF(L4="Complete",AVERAGE(F4:K4),"")
L5: =IF(COUNTA(A5:K5)=0,"",IF(AND(COUNTA(A5:E5)=5,COUNT(F5:K5)=6),"Complete","Incomplete")) | M5: =IF(L5="Complete",AVERAGE(F5:K5),"")
L6: =IF(COUNTA(A6:K6)=0,"",IF(AND(COUNTA(A6:E6)=5,COUNT(F6:K6)=6),"Complete","Incomplete")) | M6: =IF(L6="Complete",AVERAGE(F6:K6),"")
L7: =IF(COUNTA(A7:K7)=0,"",IF(AND(COUNTA(A7:E7)=5,COUNT(F7:K7)=6),"Complete","Incomplete")) | M7: =IF(L7="Complete",AVERAGE(F7:K7),"")
L8: =IF(COUNTA(A8:K8)=0,"",IF(AND(COUNTA(A8:E8)=5,COUNT(F8:K8)=6),"Complete","Incomplete")) | M8: =IF(L8="Complete",AVERAGE(F8:K8),"")
L9: =IF(COUNTA(A9:K9)=0,"",IF(AND(COUNTA(A9:E9)=5,COUNT(F9:K9)=6),"Complete","Incomplete")) | M9: =IF(L9="Complete",AVERAGE(F9:K9),"")
L10: =IF(COUNTA(A10:K10)=0,"",IF(AND(COUNTA(A10:E10)=5,COUNT(F10:K10)=6),"Complete","Incomplete")) | M10: =IF(L10="Complete",AVERAGE(F10:K10),"")
L11: =IF(COUNTA(A11:K11)=0,"",IF(AND(COUNTA(A11:E11)=5,COUNT(F11:K11)=6),"Complete","Incomplete")) | M11: =IF(L11="Complete",AVERAGE(F11:K11),"")
L12: =IF(COUNTA(A12:K12)=0,"",IF(AND(COUNTA(A12:E12)=5,COUNT(F12:K12)=6),"Complete","Incomplete")) | M12: =IF(L12="Complete",AVERAGE(F12:K12),"")
L13: =IF(COUNTA(A13:K13)=0,"",IF(AND(COUNTA(A13:E13)=5,COUNT(F13:K13)=6),"Complete","Incomplete")) | M13: =IF(L13="Complete",AVERAGE(F13:K13),"")
... L101: =IF(COUNTA(A101:K101)=0,"",IF(AND(COUNTA(A101:E101)=5,COUNT(F101:K101)=6),"Complete","Incomplete")) | M101: =IF(L101="Complete",AVERAGE(F101:K101),"")

Sheet Decisions
A1: Style | B1: Candidates started | C1: Complete candidates | D1: Best mean | E1: Tied at best | F1: Status | G1: Selected blind label | H1: Decision note
A2: narration_neutral | B2: =COUNTIFS(Ratings!$D$2:$D$101,A2,Ratings!$A$2:$A$101,"<>") | C2: =COUNTIFS(Ratings!$D$2:$D$101,A2,Ratings!$L$2:$L$101,"Complete") | D2: =IF(OR(B2=0,C2<B2),"",_xlfn.MAXIFS(Ratings!$M$2:$M$101,Ratings!$D$2:$D$101,A2,Ratings!$L$2:$L$101,"Complete")) | E2: =IF(D2="","",COUNTIFS(Ratings!$D$2:$D$101,A2,Ratings!$L$2:$L$101,"Complete",Ratings!$M$2:$M$101,D2)) | F2: =IF(B2=0,"Await candidates",IF(C2<B2,"Finish ratings",IF(G2="",IF(E2>1,"Review tie","Choose candidate"),IF(COUNTIFS(Ratings!$A$2:$A$101,G2,Ratings!$D$2:$D$101,A2,Ratings!$L$2:$L$101,"Complete")=0,"Choose listed candidate",IF(LEN(TRIM(H2))=0,"Add decision note","Decision recorded")))))
A3: warm_friendly | B3: =COUNTIFS(Ratings!$D$2:$D$101,A3,Ratings!$A$2:$A$101,"<>") | C3: =COUNTIFS(Ratings!$D$2:$D$101,A3,Ratings!$L$2:$L$101,"Complete") | D3: =IF(OR(B3=0,C3<B3),"",_xlfn.MAXIFS(Ratings!$M$2:$M$101,Ratings!$D$2:$D$101,A3,Ratings!$L$2:$L$101,"Complete")) | E3: =IF(D3="","",COUNTIFS(Ratings!$D$2:$D$101,A3,Ratings!$L$2:$L$101,"Complete",Ratings!$M$2:$M$101,D3)) | F3: =IF(B3=0,"Await candidates",IF(C3<B3,"Finish ratings",IF(G3="",IF(E3>1,"Review tie","Choose candidate"),IF(COUNTIFS(Ratings!$A$2:$A$101,G3,Ratings!$D$2:$D$101,A3,Ratings!$L$2:$L$101,"Complete")=0,"Choose listed candidate",IF(LEN(TRIM(H3))=0,"Add decision note","Decision recorded")))))
A4: excited_energetic | B4: =COUNTIFS(Ratings!$D$2:$D$101,A4,Ratings!$A$2:$A$101,"<>") | C4: =COUNTIFS(Ratings!$D$2:$D$101,A4,Ratings!$L$2:$L$101,"Complete") | D4: =IF(OR(B4=0,C4<B4),"",_xlfn.MAXIFS(Ratings!$M$2:$M$101,Ratings!$D$2:$D$101,A4,Ratings!$L$2:$L$101,"Complete")) | E4: =IF(D4="","",COUNTIFS(Ratings!$D$2:$D$101,A4,Ratings!$L$2:$L$101,"Complete",Ratings!$M$2:$M$101,D4)) | F4: =IF(B4=0,"Await candidates",IF(C4<B4,"Finish ratings",IF(G4="",IF(E4>1,"Review tie","Choose candidate"),IF(COUNTIFS(Ratings!$A$2:$A$101,G4,Ratings!$D$2:$D$101,A4,Ratings!$L$2:$L$101,"Complete")=0,"Choose listed candidate",IF(LEN(TRIM(H4))=0,"Add decision note","Decision recorded")))))
A5: serious_authoritative | B5: =COUNTIFS(Ratings!$D$2:$D$101,A5,Ratings!$A$2:$A$101,"<>") | C5: =COUNTIFS(Ratings!$D$2:$D$101,A5,Ratings!$L$2:$L$101,"Complete") | D5: =IF(OR(B5=0,C5<B5),"",_xlfn.MAXIFS(Ratings!$M$2:$M$101,Ratings!$D$2:$D$101,A5,Ratings!$L$2:$L$101,"Complete")) | E5: =IF(D5="","",COUNTIFS(Ratings!$D$2:$D$101,A5,Ratings!$L$2:$L$101,"Complete",Ratings!$M$2:$M$101,D5)) | F5: =IF(B5=0,"Await candidates",IF(C5<B5,"Finish ratings",IF(G5="",IF(E5>1,"Review tie","Choose candidate"),IF(COUNTIFS(Ratings!$A$2:$A$101,G5,Ratings!$D$2:$D$101,A5,Ratings!$L$2:$L$101,"Complete")=0,"Choose listed candidate",IF(LEN(TRIM(H5))=0,"Add decision note","Decision recorded")))))
A6: curious_questioning | B6: =COUNTIFS(Ratings!$D$2:$D$101,A6,Ratings!$A$2:$A$101,"<>") | C6: =COUNTIFS(Ratings!$D$2:$D$101,A6,Ratings!$L$2:$L$101,"Complete") | D6: =IF(OR(B6=0,C6<B6),"",_xlfn.MAXIFS(Ratings!$M$2:$M$101,Ratings!$D$2:$D$101,A6,Ratings!$L$2:$L$101,"Complete")) | E6: =IF(D6="","",COUNTIFS(Ratings!$D$2:$D$101,A6,Ratings!$L$2:$L$101,"Complete",Ratings!$M$2:$M$101,D6)) | F6: =IF(B6=0,"Await candidates",IF(C6<B6,"Finish ratings",IF(G6="",IF(E6>1,"Review tie","Choose candidate"),IF(COUNTIFS(Ratings!$A$2:$A$101,G6,Ratings!$D$2:$D$101,A6,Ratings!$L$2:$L$101,"Complete")=0,"Choose listed candidate",IF(LEN(TRIM(H6))=0,"Add decision note","Decision recorded")))))
A7: empathetic_calm | B7: =COUNTIFS(Ratings!$D$2:$D$101,A7,Ratings!$A$2:$A$101,"<>") | C7: =COUNTIFS(Ratings!$D$2:$D$101,A7,Ratings!$L$2:$L$101,"Complete") | D7: =IF(OR(B7=0,C7<B7),"",_xlfn.MAXIFS(Ratings!$M$2:$M$101,Ratings!$D$2:$D$101,A7,Ratings!$L$2:$L$101,"Complete")) | E7: =IF(D7="","",COUNTIFS(Ratings!$D$2:$D$101,A7,Ratings!$L$2:$L$101,"Complete",Ratings!$M$2:$M$101,D7)) | F7: =IF(B7=0,"Await candidates",IF(C7<B7,"Finish ratings",IF(G7="",IF(E7>1,"Review tie","Choose candidate"),IF(COUNTIFS(Ratings!$A$2:$A$101,G7,Ratings!$D$2:$D$101,A7,Ratings!$L$2:$L$101,"Complete")=0,"Choose listed candidate",IF(LEN(TRIM(H7))=0,"Add decision note","Decision recorded")))))
A8: emphatic_punchy | B8: =COUNTIFS(Ratings!$D$2:$D$101,A8,Ratings!$A$2:$A$101,"<>") | C8: =COUNTIFS(Ratings!$D$2:$D$101,A8,Ratings!$L$2:$L$101,"Complete") | D8: =IF(OR(B8=0,C8<B8),"",_xlfn.MAXIFS(Ratings!$M$2:$M$101,Ratings!$D$2:$D$101,A8,Ratings!$L$2:$L$101,"Complete")) | E8: =IF(D8="","",COUNTIFS(Ratings!$D$2:$D$101,A8,Ratings!$L$2:$L$101,"Complete",Ratings!$M$2:$M$101,D8)) | F8: =IF(B8=0,"Await candidates",IF(C8<B8,"Finish ratings",IF(G8="",IF(E8>1,"Review tie","Choose candidate"),IF(COUNTIFS(Ratings!$A$2:$A$101,G8,Ratings!$D$2:$D$101,A8,Ratings!$L$2:$L$101,"Complete")=0,"Choose listed candidate",IF(LEN(TRIM(H8))=0,"Add decision note","Decision recorded")))))
A9: awe_wonder | B9: =COUNTIFS(Ratings!$D$2:$D$101,A9,Ratings!$A$2:$A$101,"<>") | C9: =COUNTIFS(Ratings!$D$2:$D$101,A9,Ratings!$L$2:$L$101,"Complete") | D9: =IF(OR(B9=0,C9<B9),"",_xlfn.MAXIFS(Ratings!$M$2:$M$101,Ratings!$D$2:$D$101,A9,Ratings!$L$2:$L$101,"Complete")) | E9: =IF(D9="","",COUNTIFS(Ratings!$D$2:$D$101,A9,Ratings!$L$2:$L$101,"Complete",Ratings!$M$2:$M$101,D9)) | F9: =IF(B9=0,"Await candidates",IF(C9<B9,"Finish ratings",IF(G9="",IF(E9>1,"Review tie","Choose candidate"),IF(COUNTIFS(Ratings!$A$2:$A$101,G9,Ratings!$D$2:$D$101,A9,Ratings!$L$2:$L$101,"Complete")=0,"Choose listed candidate",IF(LEN(TRIM(H9))=0,"Add decision note","Decision recorded")))))
A10: sorrow_grief | B10: =COUNTIFS(Ratings!$D$2:$D$101,A10,Ratings!$A$2:$A$101,"<>") | C10: =COUNTIFS(Ratings!$D$2:$D$101,A10,Ratings!$L$2:$L$101,"Complete") | D10: =IF(OR(B10=0,C10<B10),"",_xlfn.MAXIFS(Ratings!$M$2:$M$101,Ratings!$D$2:$D$101,A10,Ratings!$L$2:$L$101,"Complete")) | E10: =IF(D10="","",COUNTIFS(Ratings!$D$2:$D$101,A10,Ratings!$L$2:$L$101,"Complete",Ratings!$M$2:$M$101,D10)) | F10: =IF(B10=0,"Await candidates",IF(C10<B10,"Finish ratings",IF(G10="",IF(E10>1,"Review tie","Choose candidate"),IF(COUNTIFS(Ratings!$A$2:$A$101,G10,Ratings!$D$2:$D$101,A10,Ratings!$L$2:$L$101,"Complete")=0,"Choose listed candidate",IF(LEN(TRIM(H10))=0,"Add decision note","Decision recorded")))))
A11: anger_fierce | B11: =COUNTIFS(Ratings!$D$2:$D$101,A11,Ratings!$A$2:$A$101,"<>") | C11: =COUNTIFS(Ratings!$D$2:$D$101,A11,Ratings!$L$2:$L$101,"Complete") | D11: =IF(OR(B11=0,C11<B11),"",_xlfn.MAXIFS(Ratings!$M$2:$M$101,Ratings!$D$2:$D$101,A11,Ratings!$L$2:$L$101,"Complete")) | E11: =IF(D11="","",COUNTIFS(Ratings!$D$2:$D$101,A11,Ratings!$L$2:$L$101,"Complete",Ratings!$M$2:$M$101,D11)) | F11: =IF(B11=0,"Await candidates",IF(C11<B11,"Finish ratings",IF(G11="",IF(E11>1,"Review tie","Choose candidate"),IF(COUNTIFS(Ratings!$A$2:$A$101,G11,Ratings!$D$2:$D$101,A11,Ratings!$L$2:$L$101,"Complete")=0,"Choose listed candidate",IF(LEN(TRIM(H11))=0,"Add decision note","Decision recorded")))))
A12: tender_intimate | B12: =COUNTIFS(Ratings!$D$2:$D$101,A12,Ratings!$A$2:$A$101,"<>") | C12: =COUNTIFS(Ratings!$D$2:$D$101,A12,Ratings!$L$2:$L$101,"Complete") | D12: =IF(OR(B12=0,C12<B12),"",_xlfn.MAXIFS(Ratings!$M$2:$M$101,Ratings!$D$2:$D$101,A12,Ratings!$L$2:$L$101,"Complete")) | E12: =IF(D12="","",COUNTIFS(Ratings!$D$2:$D$101,A12,Ratings!$L$2:$L$101,"Complete",Ratings!$M$2:$M$101,D12)) | F12: =IF(B12=0,"Await candidates",IF(C12<B12,"Finish ratings",IF(G12="",IF(E12>1,"Review tie","Choose candidate"),IF(COUNTIFS(Ratings!$A$2:$A$101,G12,Ratings!$D$2:$D$101,A12,Ratings!$L$2:$L$101,"Complete")=0,"Choose listed candidate",IF(LEN(TRIM(H12))=0,"Add decision note","Decision recorded")))))
A13: suspense_hushed | B13: =COUNTIFS(Ratings!$D$2:$D$101,A13,Ratings!$A$2:$A$101,"<>") | C13: =COUNTIFS(Ratings!$D$2:$D$101,A13,Ratings!$L$2:$L$101,"Complete") | D13: =IF(OR(B13=0,C13<B13),"",_xlfn.MAXIFS(Ratings!$M$2:$M$101,Ratings!$D$2:$D$101,A13,Ratings!$L$2:$L$101,"Complete")) | E13: =IF(D13="","",COUNTIFS(Ratings!$D$2:$D$101,A13,Ratings!$L$2:$L$101,"Complete",Ratings!$M$2:$M$101,D13)) | F13: =IF(B13=0,"Await candidates",IF(C13<B13,"Finish ratings",IF(G13="",IF(E13>1,"Review tie","Choose candidate"),IF(COUNTIFS(Ratings!$A$2:$A$101,G13,Ratings!$D$2:$D$101,A13,Ratings!$L$2:$L$101,"Complete")=0,"Choose listed candidate",IF(LEN(TRIM(H13))=0,"Add decision note","Decision recorded")))))
... A15: triumphant_declaratory | B15: =COUNTIFS(Ratings!$D$2:$D$101,A15,Ratings!$A$2:$A$101,"<>") | C15: =COUNTIFS(Ratings!$D$2:$D$101,A15,Ratings!$L$2:$L$101,"Complete") | D15: =IF(OR(B15=0,C15<B15),"",_xlfn.MAXIFS(Ratings!$M$2:$M$101,Ratings!$D$2:$D$101,A15,Ratings!$L$2:$L$101,"Complete")) | E15: =IF(D15="","",COUNTIFS(Ratings!$D$2:$D$101,A15,Ratings!$L$2:$L$101,"Complete",Ratings!$M$2:$M$101,D15)) | F15: =IF(B15=0,"Await candidates",IF(C15<B15,"Finish ratings",IF(G15="",IF(E15>1,"Review tie","Choose candidate"),IF(COUNTIFS(Ratings!$A$2:$A$101,G15,Ratings!$D$2:$D$101,A15,Ratings!$L$2:$L$101,"Complete")=0,"Choose listed candidate",IF(LEN(TRIM(H15))=0,"Add decision note","Decision recorded")))))
